<?xml version="1.0" encoding="UTF-8"?>
<project-private xmlns="http://www.netbeans.org/ns/project-private/1">
    <editor-bookmarks xmlns="http://www.netbeans.org/ns/editor-bookmarks/2" lastBookmarkId="0"/>
    <open-files xmlns="http://www.netbeans.org/ns/projectui-open-files/2">
        <group>
            <file>file:/C:/Users/VIDYASHREE/Desktop/Campus-Placement-Management-System-master%20(2)/Campus-Placement-Management-System-master/src/campus_placement_mgt/changepass.java</file>
            <file>file:/C:/Users/VIDYASHREE/Desktop/Campus-Placement-Management-System-master%20(2)/Campus-Placement-Management-System-master/src/campus_placement_mgt/addCompany.java</file>
            <file>file:/C:/Users/VIDYASHREE/Desktop/Campus-Placement-Management-System-master%20(2)/Campus-Placement-Management-System-master/src/campus_placement_mgt/AddStudent.java</file>
            <file>file:/C:/Users/VIDYASHREE/Desktop/Campus-Placement-Management-System-master%20(2)/Campus-Placement-Management-System-master/src/campus_placement_mgt/campus%20placement.png</file>
            <file>file:/C:/Users/VIDYASHREE/Desktop/Campus-Placement-Management-System-master%20(2)/Campus-Placement-Management-System-master/src/campus_placement_mgt/Login_Form.java</file>
            <file>file:/C:/Users/VIDYASHREE/Desktop/Campus-Placement-Management-System-master%20(2)/Campus-Placement-Management-System-master/src/campus_placement_mgt/DBConnection.java</file>
            <file>file:/C:/Users/VIDYASHREE/Desktop/Campus-Placement-Management-System-master%20(2)/Campus-Placement-Management-System-master/src/campus_placement_mgt/Add_placement_details.java</file>
            <file>file:/C:/Users/VIDYASHREE/Desktop/Campus-Placement-Management-System-master%20(2)/Campus-Placement-Management-System-master/src/campus_placement_mgt/MainScreen.java</file>
        </group>
    </open-files>
</project-private>
